"variable","processed_value","count"
"Q165","Yes",74381
"Q165","No",18148
"Q165","NA",4691
"Q166","Yes",57614
"Q166","No",32011
"Q166","NA",7595
"Q167","Yes",52816
"Q167","No",37260
"Q167","NA",7144
"Q168","Yes",61194
"Q168","No",29055
"Q168","NA",6971
"Q177","Never justifiable",48134
"Q177","2",9476
"Q177","3",7820
"Q177","4",5277
"Q177","5",8435
"Q177","6",4279
"Q177","7",3018
"Q177","8",2991
"Q177","9",1515
"Q177","Always justifiable",4587
"Q177","NA",1688
"Q178","Never justifiable",48329
"Q178","2",10066
"Q178","3",7850
"Q178","4",5161
"Q178","5",7859
"Q178","6",3770
"Q178","7",2841
"Q178","8",2532
"Q178","9",1224
"Q178","Always justifiable",4049
"Q178","NA",3539
"Q179","Never justifiable",70600
"Q179","2",8617
"Q179","3",5183
"Q179","4",2751
"Q179","5",3676
"Q179","6",1665
"Q179","7",1207
"Q179","8",881
"Q179","9",487
"Q179","Always justifiable",1248
"Q179","NA",905
"Q180","Never justifiable",60350
"Q180","2",10170
"Q180","3",7014
"Q180","4",4046
"Q180","5",5555
"Q180","6",2581
"Q180","7",1880
"Q180","8",1399
"Q180","9",701
"Q180","Always justifiable",2245
"Q180","NA",1279
"Q181","Never justifiable",66429
"Q181","2",9373
"Q181","3",5869
"Q181","4",3319
"Q181","5",4552
"Q181","6",2010
"Q181","7",1355
"Q181","8",1071
"Q181","9",619
"Q181","Always justifiable",1429
"Q181","NA",1194
"Q182","Never justifiable",39184
"Q182","2",5243
"Q182","3",4343
"Q182","4",3491
"Q182","5",10044
"Q182","6",4303
"Q182","7",3304
"Q182","8",3917
"Q182","9",2452
"Q182","Always justifiable",13424
"Q182","NA",7515
"Q183","Never justifiable",44787
"Q183","2",7222
"Q183","3",6020
"Q183","4",4335
"Q183","5",10355
"Q183","6",4327
"Q183","7",3254
"Q183","8",2878
"Q183","9",1282
"Q183","Always justifiable",4009
"Q183","NA",8751
"Q184","Never justifiable",42574
"Q184","2",6917
"Q184","3",6257
"Q184","4",4626
"Q184","5",11660
"Q184","6",5001
"Q184","7",4100
"Q184","8",4456
"Q184","9",2425
"Q184","Always justifiable",6929
"Q184","NA",2275
"Q185","Never justifiable",24385
"Q185","2",5097
"Q185","3",5229
"Q185","4",4983
"Q185","5",16109
"Q185","6",7509
"Q185","7",6612
"Q185","8",7263
"Q185","9",4078
"Q185","Always justifiable",14026
"Q185","NA",1929
"Q186","Never justifiable",31717
"Q186","2",5493
"Q186","3",4465
"Q186","4",3904
"Q186","5",11771
"Q186","6",5455
"Q186","7",4584
"Q186","8",5837
"Q186","9",3688
"Q186","Always justifiable",15492
"Q186","NA",4814
"Q187","Never justifiable",55798
"Q187","2",8040
"Q187","3",6213
"Q187","4",3831
"Q187","5",8839
"Q187","6",3521
"Q187","7",2430
"Q187","8",2083
"Q187","9",969
"Q187","Always justifiable",3130
"Q187","NA",2366
"Q188","Never justifiable",39460
"Q188","2",6561
"Q188","3",5199
"Q188","4",3999
"Q188","5",10558
"Q188","6",5095
"Q188","7",4796
"Q188","8",5883
"Q188","9",3133
"Q188","Always justifiable",8562
"Q188","NA",3974
"Q189","Never justifiable",68628
"Q189","2",7383
"Q189","3",4583
"Q189","4",2748
"Q189","5",4070
"Q189","6",1815
"Q189","7",1110
"Q189","8",826
"Q189","9",499
"Q189","Always justifiable",1482
"Q189","NA",4076
"Q190","Never justifiable",50616
"Q190","2",9010
"Q190","3",7252
"Q190","4",5122
"Q190","5",9518
"Q190","6",4345
"Q190","7",2969
"Q190","8",2675
"Q190","9",1155
"Q190","Always justifiable",3524
"Q190","NA",1034
"Q191","Never justifiable",65479
"Q191","2",9893
"Q191","3",6353
"Q191","4",3567
"Q191","5",5070
"Q191","6",1955
"Q191","7",1227
"Q191","8",860
"Q191","9",480
"Q191","Always justifiable",1314
"Q191","NA",1022
"Q192","Never justifiable",69860
"Q192","2",7142
"Q192","3",4243
"Q192","4",2513
"Q192","5",3810
"Q192","6",1567
"Q192","7",1032
"Q192","8",775
"Q192","9",472
"Q192","Always justifiable",1283
"Q192","NA",4523
"Q193","Never justifiable",40870
"Q193","2",6615
"Q193","3",5553
"Q193","4",4333
"Q193","5",10253
"Q193","6",4572
"Q193","7",3695
"Q193","8",4080
"Q193","9",2169
"Q193","Always justifiable",7330
"Q193","NA",7750
"Q194","Never justifiable",63415
"Q194","2",8904
"Q194","3",5603
"Q194","4",3365
"Q194","5",4966
"Q194","6",2070
"Q194","7",1240
"Q194","8",925
"Q194","9",524
"Q194","Always justifiable",1415
"Q194","NA",4793
"Q195","Never justifiable",36000
"Q195","2",6722
"Q195","3",5865
"Q195","4",4526
"Q195","5",11736
"Q195","6",6051
"Q195","7",5298
"Q195","8",5694
"Q195","9",3055
"Q195","Always justifiable",9804
"Q195","NA",2469
"Q260","Male",45995
"Q260","Female",51130
"Q260","NA",95
"Q262","16",184
"Q262","17",266
"Q262","18",1880
"Q262","19",1864
"Q262","20",2003
"Q262","21",1807
"Q262","22",2039
"Q262","23",1898
"Q262","24",2116
"Q262","25",2320
"Q262","26",1957
"Q262","27",1896
"Q262","28",2228
"Q262","29",1955
"Q262","30",2589
"Q262","31",1809
"Q262","32",2140
"Q262","33",2023
"Q262","34",1920
"Q262","35",2433
"Q262","36",1968
"Q262","37",1858
"Q262","38",2090
"Q262","39",1723
"Q262","40",2346
"Q262","41",1598
"Q262","42",1819
"Q262","43",1633
"Q262","44",1610
"Q262","45",2188
"Q262","46",1645
"Q262","47",1616
"Q262","48",1739
"Q262","49",1582
"Q262","50",1894
"Q262","51",1329
"Q262","52",1616
"Q262","53",1541
"Q262","54",1470
"Q262","55",1940
"Q262","56",1525
"Q262","57",1337
"Q262","58",1448
"Q262","59",1252
"Q262","60",1634
"Q262","61",1149
"Q262","62",1272
"Q262","63",1225
"Q262","64",1182
"Q262","65",1365
"Q262","66",1059
"Q262","67",958
"Q262","68",982
"Q262","69",842
"Q262","70",969
"Q262","71",638
"Q262","72",624
"Q262","73",581
"Q262","74",513
"Q262","75",467
"Q262","76",424
"Q262","77",430
"Q262","78",357
"Q262","79",317
"Q262","80",311
"Q262","81",235
"Q262","82",252
"Q262","83",160
"Q262","84",154
"Q262","85",132
"Q262","86",93
"Q262","87",60
"Q262","88",61
"Q262","89",46
"Q262","90",32
"Q262","91",34
"Q262","92",15
"Q262","93",11
"Q262","94",10
"Q262","95",5
"Q262","96",2
"Q262","98",1
"Q262","99",11
"Q262","100",1
"Q262","103",1
"Q262","NA",511
"Q263","I am born in this country",91175
"Q263","I am an immigrant to this country (born outside this country)",5661
"Q263","NA",384
"Q275","Early childhood education (ISCED 0) / no education",4892
"Q275","Primary education (ISCED 1)",11268
"Q275","Lower secondary education (ISCED 2)",14330
"Q275","Upper secondary education (ISCED 3)",24709
"Q275","Post-secondary non-tertiary education (ISCED 4)",8846
"Q275","Short-cycle tertiary education (ISCED 5)",7818
"Q275","Bachelor or equivalent (ISCED 6)",16922
"Q275","Master or equivalent (ISCED 7)",6231
"Q275","Doctoral or equivalent (ISCED 8)",1133
"Q275","NA",1071
"Q288","Lower step",7277
"Q288","Second step",5502
"Q288","Third step",10587
"Q288","Fourth step",13148
"Q288","Fifth step",22535
"Q288","Sixth step",14527
"Q288","Seventh step",11008
"Q288","Eight  step",5801
"Q288","Nineth step",1828
"Q288","Tenth step",2046
"Q288","NA",2961
"Q289","Do not belong to a denomination",23460
"Q289","Catholic (Roman/Greek/etc)",19038
"Q289","Protestant",7886
"Q289","Orthodox (Russian/Greek/etc.)",7795
"Q289","Jew",255
"Q289","Muslim",25398
"Q289","Hindu",1993
"Q289","Buddhist",5602
"Q289","Other Christian (Jehova withness...)",2532
"Q289","Other",1898
"Q289","NA",1363
